imageid,maskid
00000.jpg,00000.png
00001.jpg,00001.png
00002.jpg,00002.png
00003.jpg,00003.png
00004.jpg,00004.png
00005.jpg,00005.png
00006.jpg,00006.png
00007.jpg,00007.png
00008.jpg,00008.png
00009.jpg,00009.png
00010.jpg,00010.png
00011.jpg,00011.png
00012.jpg,00012.png
00013.jpg,00013.png
00014.jpg,00014.png
00015.jpg,00015.png
00016.jpg,00016.png
00017.jpg,00017.png
00018.jpg,00018.png
00019.jpg,00019.png
00020.jpg,00020.png
00021.jpg,00021.png
00022.jpg,00022.png
00023.jpg,00023.png
00024.jpg,00024.png
00025.jpg,00025.png
00026.jpg,00026.png
00027.jpg,00027.png
00028.jpg,00028.png
00029.jpg,00029.png
00030.jpg,00030.png
00031.jpg,00031.png
00032.jpg,00032.png
00033.jpg,00033.png
00034.jpg,00034.png
00035.jpg,00035.png
00036.jpg,00036.png
00037.jpg,00037.png
00038.jpg,00038.png
00039.jpg,00039.png
00040.jpg,00040.png
00041.jpg,00041.png
00042.jpg,00042.png
00043.jpg,00043.png
00044.jpg,00044.png
00045.jpg,00045.png
00046.jpg,00046.png
00047.jpg,00047.png
00048.jpg,00048.png
00049.jpg,00049.png
00050.jpg,00050.png
00051.jpg,00051.png
00052.jpg,00052.png
00053.jpg,00053.png
00054.jpg,00054.png
00055.jpg,00055.png
00056.jpg,00056.png
00057.jpg,00057.png
00058.jpg,00058.png
00059.jpg,00059.png
00060.jpg,00060.png
00061.jpg,00061.png
00062.jpg,00062.png
00063.jpg,00063.png
00064.jpg,00064.png
00065.jpg,00065.png
00066.jpg,00066.png
00067.jpg,00067.png
00068.jpg,00068.png
00069.jpg,00069.png
00070.jpg,00070.png
00071.jpg,00071.png
00072.jpg,00072.png
00073.jpg,00073.png
00074.jpg,00074.png
00075.jpg,00075.png
00076.jpg,00076.png
00077.jpg,00077.png
00078.jpg,00078.png
00079.jpg,00079.png
00080.jpg,00080.png
00081.jpg,00081.png
00082.jpg,00082.png
00083.jpg,00083.png
00084.jpg,00084.png
00085.jpg,00085.png
00086.jpg,00086.png
00087.jpg,00087.png
00088.jpg,00088.png
00089.jpg,00089.png
00090.jpg,00090.png
00091.jpg,00091.png
00092.jpg,00092.png
00093.jpg,00093.png
00094.jpg,00094.png
00095.jpg,00095.png
00096.jpg,00096.png
00097.jpg,00097.png
00098.jpg,00098.png
00099.jpg,00099.png
00100.jpg,00100.png
00101.jpg,00101.png
00102.jpg,00102.png
00103.jpg,00103.png
00104.jpg,00104.png
00105.jpg,00105.png
00106.jpg,00106.png
00107.jpg,00107.png
00108.jpg,00108.png
00109.jpg,00109.png
00110.jpg,00110.png
00111.jpg,00111.png
00112.jpg,00112.png
00113.jpg,00113.png
00114.jpg,00114.png
00115.jpg,00115.png
00116.jpg,00116.png
00117.jpg,00117.png
00118.jpg,00118.png
00119.jpg,00119.png
00120.jpg,00120.png
00121.jpg,00121.png
00122.jpg,00122.png
00123.jpg,00123.png
00124.jpg,00124.png
00125.jpg,00125.png
00126.jpg,00126.png
00127.jpg,00127.png
00128.jpg,00128.png
00129.jpg,00129.png
00130.jpg,00130.png
00131.jpg,00131.png
00132.jpg,00132.png
00133.jpg,00133.png
00134.jpg,00134.png
00135.jpg,00135.png
00136.jpg,00136.png
00137.jpg,00137.png
00138.jpg,00138.png
00139.jpg,00139.png
00140.jpg,00140.png
00141.jpg,00141.png
00142.jpg,00142.png
00143.jpg,00143.png
00144.jpg,00144.png
00145.jpg,00145.png
00146.jpg,00146.png
00147.jpg,00147.png
00148.jpg,00148.png
00149.jpg,00149.png
00150.jpg,00150.png
00151.jpg,00151.png
00152.jpg,00152.png
00153.jpg,00153.png
00154.jpg,00154.png
00155.jpg,00155.png
00156.jpg,00156.png
00157.jpg,00157.png
00158.jpg,00158.png
00159.jpg,00159.png
00160.jpg,00160.png
00161.jpg,00161.png
00162.jpg,00162.png
00163.jpg,00163.png
00164.jpg,00164.png
00165.jpg,00165.png
00166.jpg,00166.png
00167.jpg,00167.png
00168.jpg,00168.png
00169.jpg,00169.png
00170.jpg,00170.png
00171.jpg,00171.png
00172.jpg,00172.png
00173.jpg,00173.png
00174.jpg,00174.png
00175.jpg,00175.png
00176.jpg,00176.png
00177.jpg,00177.png
00178.jpg,00178.png
00179.jpg,00179.png
00180.jpg,00180.png
00181.jpg,00181.png
00182.jpg,00182.png
00183.jpg,00183.png
00184.jpg,00184.png
00185.jpg,00185.png
00186.jpg,00186.png
00187.jpg,00187.png
00188.jpg,00188.png
00189.jpg,00189.png
00190.jpg,00190.png
00191.jpg,00191.png
00192.jpg,00192.png
00193.jpg,00193.png
00194.jpg,00194.png
00195.jpg,00195.png
00196.jpg,00196.png
00197.jpg,00197.png
00198.jpg,00198.png
00199.jpg,00199.png
00200.jpg,00200.png
00201.jpg,00201.png
00202.jpg,00202.png
00203.jpg,00203.png
00204.jpg,00204.png
00205.jpg,00205.png
00206.jpg,00206.png
00207.jpg,00207.png
00208.jpg,00208.png
00209.jpg,00209.png
00210.jpg,00210.png
00211.jpg,00211.png
00212.jpg,00212.png
00213.jpg,00213.png
00214.jpg,00214.png
00215.jpg,00215.png
00216.jpg,00216.png
00217.jpg,00217.png
00218.jpg,00218.png
00219.jpg,00219.png
00220.jpg,00220.png
00221.jpg,00221.png
00222.jpg,00222.png
00223.jpg,00223.png
00224.jpg,00224.png
00225.jpg,00225.png
00226.jpg,00226.png
00227.jpg,00227.png
00228.jpg,00228.png
00229.jpg,00229.png
00230.jpg,00230.png
00231.jpg,00231.png
00232.jpg,00232.png
00233.jpg,00233.png
00234.jpg,00234.png
00235.jpg,00235.png
00236.jpg,00236.png
00237.jpg,00237.png
00238.jpg,00238.png
00239.jpg,00239.png
00240.jpg,00240.png
00241.jpg,00241.png
00242.jpg,00242.png
00243.jpg,00243.png
00244.jpg,00244.png
00245.jpg,00245.png
00246.jpg,00246.png
00247.jpg,00247.png
00248.jpg,00248.png
00249.jpg,00249.png
00250.jpg,00250.png
00251.jpg,00251.png
00252.jpg,00252.png
00253.jpg,00253.png
00254.jpg,00254.png
00255.jpg,00255.png
00256.jpg,00256.png
00257.jpg,00257.png
00258.jpg,00258.png
00259.jpg,00259.png
00260.jpg,00260.png
00261.jpg,00261.png
00262.jpg,00262.png
00263.jpg,00263.png
00264.jpg,00264.png
00265.jpg,00265.png
00266.jpg,00266.png
00267.jpg,00267.png
00268.jpg,00268.png
00269.jpg,00269.png
00270.jpg,00270.png
00271.jpg,00271.png
00272.jpg,00272.png
00273.jpg,00273.png
00274.jpg,00274.png
00275.jpg,00275.png
00276.jpg,00276.png
00277.jpg,00277.png
00278.jpg,00278.png
00279.jpg,00279.png
00280.jpg,00280.png
00281.jpg,00281.png
00282.jpg,00282.png
00283.jpg,00283.png
00284.jpg,00284.png
00285.jpg,00285.png
00286.jpg,00286.png
00287.jpg,00287.png
00288.jpg,00288.png
00289.jpg,00289.png
00290.jpg,00290.png
00291.jpg,00291.png
00292.jpg,00292.png
00293.jpg,00293.png
00294.jpg,00294.png
00295.jpg,00295.png
00296.jpg,00296.png
00297.jpg,00297.png
00298.jpg,00298.png
00299.jpg,00299.png
00300.jpg,00300.png
00301.jpg,00301.png
00302.jpg,00302.png
00303.jpg,00303.png
00304.jpg,00304.png
00305.jpg,00305.png
00306.jpg,00306.png
00307.jpg,00307.png
00308.jpg,00308.png
00309.jpg,00309.png
00310.jpg,00310.png
00311.jpg,00311.png
00312.jpg,00312.png
00313.jpg,00313.png
00314.jpg,00314.png
00315.jpg,00315.png
00316.jpg,00316.png
00317.jpg,00317.png
00318.jpg,00318.png
00319.jpg,00319.png
00320.jpg,00320.png
00321.jpg,00321.png
00322.jpg,00322.png
00323.jpg,00323.png
00324.jpg,00324.png
00325.jpg,00325.png
00326.jpg,00326.png
00327.jpg,00327.png
00328.jpg,00328.png
00329.jpg,00329.png
00330.jpg,00330.png
00331.jpg,00331.png
00332.jpg,00332.png
00333.jpg,00333.png
00334.jpg,00334.png
00335.jpg,00335.png
00336.jpg,00336.png
00337.jpg,00337.png
00338.jpg,00338.png
00339.jpg,00339.png
00340.jpg,00340.png
00341.jpg,00341.png
00342.jpg,00342.png
00343.jpg,00343.png
00344.jpg,00344.png
00345.jpg,00345.png
00346.jpg,00346.png
00347.jpg,00347.png
00348.jpg,00348.png
00349.jpg,00349.png
00350.jpg,00350.png
00351.jpg,00351.png
00352.jpg,00352.png
00353.jpg,00353.png
00354.jpg,00354.png
00355.jpg,00355.png
00356.jpg,00356.png
00357.jpg,00357.png
00358.jpg,00358.png
00359.jpg,00359.png
00360.jpg,00360.png
00361.jpg,00361.png
00362.jpg,00362.png
00363.jpg,00363.png
00364.jpg,00364.png
00365.jpg,00365.png
00366.jpg,00366.png
00367.jpg,00367.png
00368.jpg,00368.png
00369.jpg,00369.png
00370.jpg,00370.png
00371.jpg,00371.png
00372.jpg,00372.png
00373.jpg,00373.png
00374.jpg,00374.png
00375.jpg,00375.png
00376.jpg,00376.png
00377.jpg,00377.png
00378.jpg,00378.png
00379.jpg,00379.png
00380.jpg,00380.png
00381.jpg,00381.png
00382.jpg,00382.png
00383.jpg,00383.png
00384.jpg,00384.png
00385.jpg,00385.png
00386.jpg,00386.png
00387.jpg,00387.png
00388.jpg,00388.png
00389.jpg,00389.png
00390.jpg,00390.png
00391.jpg,00391.png
00392.jpg,00392.png
00393.jpg,00393.png
00394.jpg,00394.png
00395.jpg,00395.png
00396.jpg,00396.png
00397.jpg,00397.png
00398.jpg,00398.png
00399.jpg,00399.png
00400.jpg,00400.png
00401.jpg,00401.png
00402.jpg,00402.png
00403.jpg,00403.png
00404.jpg,00404.png
00405.jpg,00405.png
00406.jpg,00406.png
00407.jpg,00407.png
00408.jpg,00408.png
00409.jpg,00409.png
00410.jpg,00410.png
00411.jpg,00411.png
00412.jpg,00412.png
00413.jpg,00413.png
00414.jpg,00414.png
00415.jpg,00415.png
00416.jpg,00416.png
00417.jpg,00417.png
00418.jpg,00418.png
00419.jpg,00419.png
00420.jpg,00420.png
00421.jpg,00421.png
00422.jpg,00422.png
00423.jpg,00423.png
00424.jpg,00424.png
00425.jpg,00425.png
00426.jpg,00426.png
00427.jpg,00427.png
00428.jpg,00428.png
00429.jpg,00429.png
00430.jpg,00430.png
00431.jpg,00431.png
00432.jpg,00432.png
00433.jpg,00433.png
00434.jpg,00434.png
00435.jpg,00435.png
00436.jpg,00436.png
00437.jpg,00437.png
00438.jpg,00438.png
00439.jpg,00439.png
00440.jpg,00440.png
00441.jpg,00441.png
00442.jpg,00442.png
00443.jpg,00443.png
00444.jpg,00444.png
00445.jpg,00445.png
00446.jpg,00446.png
00447.jpg,00447.png
00448.jpg,00448.png
00449.jpg,00449.png
00450.jpg,00450.png
00451.jpg,00451.png
00452.jpg,00452.png
00453.jpg,00453.png
00454.jpg,00454.png
00455.jpg,00455.png
00456.jpg,00456.png
00457.jpg,00457.png
00458.jpg,00458.png
00459.jpg,00459.png
00460.jpg,00460.png
00461.jpg,00461.png
00462.jpg,00462.png
00463.jpg,00463.png
00464.jpg,00464.png
00465.jpg,00465.png
00466.jpg,00466.png
00467.jpg,00467.png
00468.jpg,00468.png
00469.jpg,00469.png
00470.jpg,00470.png
00471.jpg,00471.png
00472.jpg,00472.png
00473.jpg,00473.png
00474.jpg,00474.png
00475.jpg,00475.png
00476.jpg,00476.png
00477.jpg,00477.png
00478.jpg,00478.png
00479.jpg,00479.png
00480.jpg,00480.png
00481.jpg,00481.png
00482.jpg,00482.png
00483.jpg,00483.png
00484.jpg,00484.png
00485.jpg,00485.png
00486.jpg,00486.png
00487.jpg,00487.png
00488.jpg,00488.png
00489.jpg,00489.png
00490.jpg,00490.png
00491.jpg,00491.png
00492.jpg,00492.png
00493.jpg,00493.png
00494.jpg,00494.png
00495.jpg,00495.png
00496.jpg,00496.png
00497.jpg,00497.png
00498.jpg,00498.png
00499.jpg,00499.png
00500.jpg,00500.png
00501.jpg,00501.png
00502.jpg,00502.png
00503.jpg,00503.png
00504.jpg,00504.png
00505.jpg,00505.png
00506.jpg,00506.png
00507.jpg,00507.png
00508.jpg,00508.png
00509.jpg,00509.png
00510.jpg,00510.png
00511.jpg,00511.png
00512.jpg,00512.png
00513.jpg,00513.png
00514.jpg,00514.png
00515.jpg,00515.png
00516.jpg,00516.png
00517.jpg,00517.png
00518.jpg,00518.png
00519.jpg,00519.png
00520.jpg,00520.png
00521.jpg,00521.png
00522.jpg,00522.png
00523.jpg,00523.png
00524.jpg,00524.png
00525.jpg,00525.png
00526.jpg,00526.png
00527.jpg,00527.png
00528.jpg,00528.png
00529.jpg,00529.png
00530.jpg,00530.png
00531.jpg,00531.png
00532.jpg,00532.png
00533.jpg,00533.png
00534.jpg,00534.png
00535.jpg,00535.png
00536.jpg,00536.png
00537.jpg,00537.png
00538.jpg,00538.png
00539.jpg,00539.png
00540.jpg,00540.png
00541.jpg,00541.png
00542.jpg,00542.png
00543.jpg,00543.png
00544.jpg,00544.png
00545.jpg,00545.png
00546.jpg,00546.png
00547.jpg,00547.png
00548.jpg,00548.png
00549.jpg,00549.png
00550.jpg,00550.png
00551.jpg,00551.png
00552.jpg,00552.png
00553.jpg,00553.png
00554.jpg,00554.png
00555.jpg,00555.png
00556.jpg,00556.png
00557.jpg,00557.png
00558.jpg,00558.png
00559.jpg,00559.png
00560.jpg,00560.png
00561.jpg,00561.png
00562.jpg,00562.png
00563.jpg,00563.png
00564.jpg,00564.png
00565.jpg,00565.png
00566.jpg,00566.png
00567.jpg,00567.png
00568.jpg,00568.png
00569.jpg,00569.png
00570.jpg,00570.png
00571.jpg,00571.png
00572.jpg,00572.png
00573.jpg,00573.png
00574.jpg,00574.png
00575.jpg,00575.png
00576.jpg,00576.png
00577.jpg,00577.png
00578.jpg,00578.png
00579.jpg,00579.png
00580.jpg,00580.png
00581.jpg,00581.png
00582.jpg,00582.png
00583.jpg,00583.png
00584.jpg,00584.png
00585.jpg,00585.png
00586.jpg,00586.png
00587.jpg,00587.png
